{"cameraMode":{"drawMode":0,"name":"Shaded","section":"Shading Mode"},"sceneLighting":true,"audioPlay":false,"sceneViewState":{"showFog":true,"showMaterialUpdate":false,"showSkybox":true,"showFlares":true,"showImageEffects":true,"showParticleSystems":true,"showVisualEffectGraphs":true,"m_FxEnabled":true},"in2DMode":false,"pivot":{"x":2.3540921211242677,"y":-10.25750732421875,"z":7.767568588256836},"rotation":{"x":0.4102265536785126,"y":0.009005360305309296,"z":-0.0041163829155266289,"w":0.9119459390640259},"size":16.999862670898439,"orthographic":false}